filename,Index,t_start,t_ends,num_records,v_means,v_stds,v_skewnesses,n_means,n_stds,n_skewnesses
PEO_0dot03_1dot5ml_1dot5bar_80ms,0,0.0309998989107,0.128000020981,92,503.3866259183373,208.8892681523283,4.743390458914664,21.028982178891262,39.92345644217758,919.5828712626776
PEO_0dot03_1dot5ml_1dot5bar_80ms,1,0.0439999103541,0.123000144958,67,533.2280119301238,197.20623267618518,3.3196078545779586,15.597982656092894,35.32059264719998,1171.0838353229838
PEO_0dot03_1dot5ml_1dot5bar_80ms,2,0.032999992371,0.144000053406,76,507.3031017828729,205.4134656462036,5.696715076650847,18.09999026633502,36.52530491675821,1024.9785549453993
PEO_0dot03_1dot5ml_1dot5bar_80ms,3,0.06299996376039999,0.0980000495911,4,533.481816978532,197.27524070731369,3.262422726922015,15.162383006515524,35.37704420443516,1173.6959952362279
PEO_0dot03_1dot5ml_1dot5bar_80ms,4,0.046999931335799994,0.131000041962,61,503.39466114337245,206.77079560329145,7.156330730667669,20.871599855601932,40.64488767435921,913.4654077386664
PEO_0dot03_1dot5ml_1dot5bar_80ms,5,0.0739998817444,0.0989999771118,2,461.1919764430716,135.21177732628294,45.544306392330704,0.9335646172317452,0.6809822636213975,59085.290269545214
PEO_0dot03_1dot5ml_1dot5bar_80ms,6,0.08500003814693,0.0929999351501,5,506.70861449375036,202.43660340815714,13.444874051611546,14.14869530164572,33.14535630476329,1150.3777717194712
PEO_0dot03_1dot5ml_1dot5bar_80ms,7,0.034999847412000004,0.142999887466,84,520.4076077396799,202.13059123325922,1.7706579718396995,15.37897243529566,32.44139869385029,1207.3782321929239
